{"count":1,"gauges":{},"self":42.5209568,"total":47.2903131,"children":{"AgentResetIfDone":{"count":2328,"self":0.045971899999999996,"total":0.045971899999999996,"children":null},"AgentSendState":{"count":2328,"self":0.0559326,"total":0.09890779999999999,"children":{"CollectObservations":{"count":4656,"self":0.0429752,"total":0.0429752,"children":null}}},"DecideAction":{"count":2328,"self":4.3015235999999994,"total":4.4055316,"children":{"RayPerceptionSensor.Perceive":{"count":582,"self":0.10400799999999999,"total":0.10400799999999999,"children":null}}},"AcademyStep":{"count":2328,"self":0.0119946,"total":0.0119946,"children":null},"AgentAct":{"count":2328,"self":0.2049512,"total":0.2049512,"children":null}}}