{"cameraMode":{"drawMode":0,"name":"Shaded","section":"Shading Mode"},"sceneLighting":true,"audioPlay":false,"sceneViewState":{"showFog":true,"showMaterialUpdate":false,"showSkybox":true,"showFlares":true,"showImageEffects":true,"showParticleSystems":true},"in2DMode":false,"pivot":{"x":0.45789772272109988,"y":-4.153684616088867,"z":1.5437811613082886},"rotation":{"x":0.670177698135376,"y":0.07306257635354996,"z":-0.06656520813703537,"w":0.7355926632881165},"size":27.160438537597658,"orthographic":false}